Fecha,Texto
2025-05-20,La IA está revolucionando la forma en que trabajamos.
2025-05-20,Me da miedo el futuro con tanta inteligencia artificial.
2025-05-20,Hoy he probado ChatGPT y estoy impresionado.
2025-05-20,La inteligencia artificial destruirá empleos.
2025-05-20,La IA es una herramienta increíble para automatizar tareas.
2025-05-20,La IA está revolucionando la forma en que trabajamos.
2025-05-20,Me da miedo el futuro con tanta inteligencia artificial.
2025-05-20,Hoy he probado ChatGPT y estoy impresionado.
2025-05-20,La inteligencia artificial destruirá empleos.
2025-05-20,La IA es una herramienta increíble para automatizar tareas.
2025-05-20,La IA está revolucionando la forma en que trabajamos.
2025-05-20,Me da miedo el futuro con tanta inteligencia artificial.
2025-05-20,Hoy he probado ChatGPT y estoy impresionado.
2025-05-20,La inteligencia artificial destruirá empleos.
2025-05-20,La IA es una herramienta increíble para automatizar tareas.
2025-05-20,La IA está revolucionando la forma en que trabajamos.
2025-05-20,Me da miedo el futuro con tanta inteligencia artificial.
2025-05-20,Hoy he probado ChatGPT y estoy impresionado.
2025-05-20,La inteligencia artificial destruirá empleos.
2025-05-20,La IA es una herramienta increíble para automatizar tareas.
2025-05-20,La IA está revolucionando la forma en que trabajamos.
2025-05-20,Me da miedo el futuro con tanta inteligencia artificial.
2025-05-20,Hoy he probado ChatGPT y estoy impresionado.
2025-05-20,La inteligencia artificial destruirá empleos.
2025-05-20,La IA es una herramienta increíble para automatizar tareas.
2025-05-20,La IA está revolucionando la forma en que trabajamos.
2025-05-20,Me da miedo el futuro con tanta inteligencia artificial.
2025-05-20,Hoy he probado ChatGPT y estoy impresionado.
2025-05-20,La inteligencia artificial destruirá empleos.
2025-05-20,La IA es una herramienta increíble para automatizar tareas.
2025-05-20,La IA está revolucionando la forma en que trabajamos.
2025-05-20,Me da miedo el futuro con tanta inteligencia artificial.
2025-05-20,Hoy he probado ChatGPT y estoy impresionado.
2025-05-20,La inteligencia artificial destruirá empleos.
2025-05-20,La IA es una herramienta increíble para automatizar tareas.
2025-05-20,La IA está revolucionando la forma en que trabajamos.
2025-05-20,Me da miedo el futuro con tanta inteligencia artificial.
2025-05-20,Hoy he probado ChatGPT y estoy impresionado.
2025-05-20,La inteligencia artificial destruirá empleos.
2025-05-20,La IA es una herramienta increíble para automatizar tareas.
2025-05-20,La IA está revolucionando la forma en que trabajamos.
2025-05-20,Me da miedo el futuro con tanta inteligencia artificial.
2025-05-20,Hoy he probado ChatGPT y estoy impresionado.
2025-05-20,La inteligencia artificial destruirá empleos.
2025-05-20,La IA es una herramienta increíble para automatizar tareas.
2025-05-20,La IA está revolucionando la forma en que trabajamos.
2025-05-20,Me da miedo el futuro con tanta inteligencia artificial.
2025-05-20,Hoy he probado ChatGPT y estoy impresionado.
2025-05-20,La inteligencia artificial destruirá empleos.
2025-05-20,La IA es una herramienta increíble para automatizar tareas.
2025-05-20,La IA está revolucionando la forma en que trabajamos.
2025-05-20,Me da miedo el futuro con tanta inteligencia artificial.
2025-05-20,Hoy he probado ChatGPT y estoy impresionado.
2025-05-20,La inteligencia artificial destruirá empleos.
2025-05-20,La IA es una herramienta increíble para automatizar tareas.
2025-05-20,La IA está revolucionando la forma en que trabajamos.
2025-05-20,Me da miedo el futuro con tanta inteligencia artificial.
2025-05-20,Hoy he probado ChatGPT y estoy impresionado.
2025-05-20,La inteligencia artificial destruirá empleos.
2025-05-20,La IA es una herramienta increíble para automatizar tareas.
2025-05-20,La IA está revolucionando la forma en que trabajamos.
2025-05-20,Me da miedo el futuro con tanta inteligencia artificial.
2025-05-20,Hoy he probado ChatGPT y estoy impresionado.
2025-05-20,La inteligencia artificial destruirá empleos.
2025-05-20,La IA es una herramienta increíble para automatizar tareas.
2025-05-20,La IA está revolucionando la forma en que trabajamos.
2025-05-20,Me da miedo el futuro con tanta inteligencia artificial.
2025-05-20,Hoy he probado ChatGPT y estoy impresionado.
2025-05-20,La inteligencia artificial destruirá empleos.
2025-05-20,La IA es una herramienta increíble para automatizar tareas.
2025-05-20,La IA está revolucionando la forma en que trabajamos.
2025-05-20,Me da miedo el futuro con tanta inteligencia artificial.
2025-05-20,Hoy he probado ChatGPT y estoy impresionado.
2025-05-20,La inteligencia artificial destruirá empleos.
2025-05-20,La IA es una herramienta increíble para automatizar tareas.
2025-05-20,La IA está revolucionando la forma en que trabajamos.
2025-05-20,Me da miedo el futuro con tanta inteligencia artificial.
2025-05-20,Hoy he probado ChatGPT y estoy impresionado.
2025-05-20,La inteligencia artificial destruirá empleos.
2025-05-20,La IA es una herramienta increíble para automatizar tareas.
2025-05-20,La IA está revolucionando la forma en que trabajamos.
2025-05-20,Me da miedo el futuro con tanta inteligencia artificial.
2025-05-20,Hoy he probado ChatGPT y estoy impresionado.
2025-05-20,La inteligencia artificial destruirá empleos.
2025-05-20,La IA es una herramienta increíble para automatizar tareas.
2025-05-20,La IA está revolucionando la forma en que trabajamos.
2025-05-20,Me da miedo el futuro con tanta inteligencia artificial.
2025-05-20,Hoy he probado ChatGPT y estoy impresionado.
2025-05-20,La inteligencia artificial destruirá empleos.
2025-05-20,La IA es una herramienta increíble para automatizar tareas.
2025-05-20,La IA está revolucionando la forma en que trabajamos.
2025-05-20,Me da miedo el futuro con tanta inteligencia artificial.
2025-05-20,Hoy he probado ChatGPT y estoy impresionado.
2025-05-20,La inteligencia artificial destruirá empleos.
2025-05-20,La IA es una herramienta increíble para automatizar tareas.
2025-05-20,La IA está revolucionando la forma en que trabajamos.
2025-05-20,Me da miedo el futuro con tanta inteligencia artificial.
2025-05-20,Hoy he probado ChatGPT y estoy impresionado.
2025-05-20,La inteligencia artificial destruirá empleos.
2025-05-20,La IA es una herramienta increíble para automatizar tareas.
